school_name,composite_score,equity_rank,excellence_rank,efficiency_rank,enrollment,equity_score_p,excellence_score_p,efficiency_score_p,composite_score_p,district,supervisor,asian_students,african_american_students,not_reported_students,filipino_students,hispanic_or_latino_students,two_or_more_races_students,white_students,pacific_islander_students,american_indian_or_alaska_native_students,asian_percent,african_american_percent,not_reported_percent,filipino_percent,hispanic_or_latino_percent,two_or_more_races_percent,white_percent,pacific_islander_percent,american_indian_or_alaska_native_percent,replacement_costs_in_years_1—5,overall_campus_fci,building_fci,exterior_site_fci,electrical_system,equipment,exterior_enclosure,fire_protection,furnishings,hvac_system,student_enrollment,enrollment_capacity,bond_investments_since_2003,classrooms,lot_sq_ft,year_built,building_sq_ft,primary_program,latitude,longitude,ela_total_students_tested,ela_percentage_standard_exceeded,ela_percentage_standard_met,ela_percentage_standard_met_and_above,ela_percentage_standard_nearly_met,ela_percentage_standard_not_met,math_total_students_tested,math_percentage_standard_exceeded,math_percentage_standard_met,math_percentage_standard_met_and_above,math_percentage_standard_nearly_met,math_percentage_standard_not_met,science_total_students_tested,science_percentage_standard_exceeded,science_percentage_standard_met,science_percentage_standard_met_and_above,science_percentage_standard_nearly_met,science_percentage_standard_not_met,composite_rank,equal_weighted_composite_score,composite_score_change,equal_weighted_composite_rank,composite_rank_change
Lowell High,90.97,60,88,100,2593,45.071662806109664,70.5317609225514,100.0,65.16877163369269,7,Myrna Melgar,1185,66,68,145,450,210,409,4,3,46.653543307086615,2.5984251968503935,2.677165354330709,5.708661417322835,17.716535433070867,8.267716535433072,16.10236220472441,0.15748031496062992,0.11811023622047244,32726196,0.2,0.2,0.18,0.55,,,0.0,0.08,,2652,2661,22578221,99,1189188,1970,245000,HS,37.73101918862761,-122.48360740396032,531,57.09,27.41,84.5,10.4,5.1,525,40.38,25.9,66.29,19.24,14.48,532,23.5,39.1,62.59,34.96,2.44,99,71.86780790955368,19.102192090446323,100,1
Roosevelt Middle,74.97,78,78,96,659,60.23685712108983,58.989503676945176,86.00898107933983,66.36804974961616,2,Catherine Stefani,318,26,33,11,70,67,129,2,1,48.401826484018265,3.95738203957382,5.0228310502283104,1.67427701674277,10.6544901065449,10.197869101978691,19.63470319634703,0.30441400304414,0.15220700152207,14388157,0.2,0.2,0.19,0.18,0.08,,,,,670,682,11051694,32,94469,1928,121000,MS,37.78228713657927,-122.45886816971824,625,36.48,37.92,74.4,15.84,9.76,621,38.23,23.39,61.61,21.61,16.77,217,21.66,32.72,54.38,41.01,4.61,98,68.41178062579161,6.558219374208392,99,1
Yu (Alice Fong) Elementary,66.85,69,98,78,595,52.182941920544714,93.06135537874931,58.98938641683017,64.10415640916722,4,Joel Engardio,352,33,42,18,29,83,29,,3,59.7623089983022,5.602716468590832,7.130730050933787,3.0560271646859083,4.923599320882852,14.091680814940577,4.923599320882852,,0.5093378607809848,6768445,0.21,0.23,0.02,0.41,0.81,0.02,0.0,0.67,,586,594,4378810,24,78007,1995,42978,ES,37.759395869069465,-122.469280770054,390,53.85,28.21,82.05,13.33,4.62,389,54.76,22.11,76.86,15.42,7.71,128,35.94,28.91,64.84,35.16,0.0,94,68.0778945720414,-1.2278945720414072,98,4
Burton (Phillip and Sala) Academic High,69.96,97,60,85,1053,90.41924085090017,43.82430936196629,66.59900734725406,72.81544960275517,10,Shamann Walton,321,92,17,105,414,41,18,20,3,31.134820562560623,8.923375363724539,1.6488845780795343,10.184287099903006,40.15518913676043,3.976721629485936,1.7458777885548011,1.939864209505335,0.2909796314258002,30758948,0.19,0.18,0.3,0.35,0.08,0.08,0.8,0.11,,1144,1228,16676468,70,774000,1961,230000,HS,37.72064224917534,-122.40514994536704,226,30.8,32.59,63.39,19.64,16.96,219,12.84,17.43,30.28,19.72,50.0,225,13.78,30.22,44.0,44.89,11.11,96,66.94751918670684,3.012480813293152,97,1
Wallenberg (Raoul) Traditional High,68.34,75,80,92,528,57.39770112629181,60.99981921872199,76.92700650655331,63.18055699446473,5,Dean Preston,203,52,13,19,128,43,89,3,1,36.84210526315789,9.43738656987296,2.35934664246824,3.4482758620689653,23.23049001814882,7.80399274047187,16.152450090744104,0.5444646098003629,0.18148820326678766,9577470,0.22,0.24,0.01,0.31,0.24,0.24,0.17,0.17,,636,686,15139396,26,144184,1951,62840,HS,37.780136343867866,-122.44581638553586,110,28.44,21.1,49.54,20.18,30.28,107,22.43,19.63,42.06,14.02,43.93,117,11.11,25.64,36.75,41.03,22.22,95,65.10817561718903,3.23182438281097,96,1
Washington (George) High,72.91,81,52,98,2091,63.294782930684526,37.85113793994032,93.06123811863424,64.37548547998591,1,Connie Chan,1018,87,69,62,370,126,262,11,3,50.69721115537848,4.3326693227091635,3.436254980079681,3.087649402390438,18.426294820717132,6.274900398406374,13.047808764940239,0.5478087649402391,0.14940239043824702,18427650,0.14,0.12,0.27,0.12,0.0,0.0,0.41,0.41,,2068,2101,97404162,100,679002,1936,247800,HS,37.77776513514641,-122.4920162569626,421,43.61,35.66,79.28,13.49,7.23,407,29.6,28.61,58.21,23.13,18.66,366,9.92,34.99,44.9,46.56,8.54,97,64.73571966308636,8.17428033691364,95,-2
Galileo High,91.88,100,58,62,1781,100.0,42.31252165760374,45.35514662260764,71.91691707005285,3,Aaron Peskin,772,94,33,90,506,73,163,8,2,44.34233199310741,5.399195864445721,1.8954623779437105,5.1694428489373925,29.063756461803564,4.192992533026995,9.362435381964389,0.4595060310166571,0.11487650775416428,83385883,0.45,0.46,0.38,1.09,0.27,0.19,,1.09,1.08,1877,1942,19686471,88,211200,1925,242400,HS,37.80337077587433,-122.42407194109438,363,36.18,29.91,66.1,17.09,16.81,371,25.27,26.09,51.36,17.39,31.25,328,15.03,34.66,49.69,38.96,11.35,100,62.55588942673712,29.324110573262878,94,-6
Balboa High,62.04,98,24,89,1262,94.30870882289688,15.676146782992987,71.98088229130866,69.06861168002385,11,Ahsha Safaí,545,68,24,85,410,52,41,24,2,43.56514788169464,5.435651478816946,1.9184652278177456,6.794564348521183,32.77378097521982,4.156674660271783,3.277378097521982,1.9184652278177456,0.15987210231814547,83040670,0.53,0.54,0.17,1.03,1.07,0.34,1.19,0.74,1.16,1262,1296,23128311,70,446040,1928,261700,HS,37.72090470021601,-122.44057057864325,246,31.71,37.8,69.51,20.73,9.76,256,15.23,28.52,43.75,25.39,30.86,259,6.56,34.75,41.31,52.51,6.18,92,60.65524596573284,1.3847540342671607,93,1
Clarendon Alternative Elementary,49.1,27,93,93,536,19.646513969916967,78.84711938276344,78.84700212264838,49.24678736131143,7,Myrna Melgar,149,17,31,11,61,121,139,,,28.166351606805296,3.213610586011342,5.8601134215500945,2.0793950850661624,11.531190926275993,22.873345935727787,26.27599243856333,,,3096103,0.09,0.08,0.14,0.1,0.27,0.0,0.11,0.34,,511,542,24936649,27,135036,1961,57410,ES,37.75153161414221,-122.45653215977929,253,57.31,19.76,77.08,13.04,9.88,251,42.63,29.48,72.11,13.55,14.34,83,31.33,39.76,71.08,21.69,7.23,77,59.113545158442925,-10.013545158442923,92,15
Chin (John Yehall) Elementary,50.03,33,94,88,232,24.701591034033346,80.95880364866167,70.53164366243638,50.223407344791184,3,Aaron Peskin,207,2,8,7,11,3,15,,,81.81818181818183,0.7905138339920948,3.1620553359683794,2.766798418972332,4.3478260869565215,1.185770750988142,5.928853754940711,,,748045,0.05,0.0,0.48,0.0,,0.0,0.0,0.0,,265,275,14677730,12,27557,1914,27415,ES,37.79843150533134,-122.4026695214984,137,68.61,20.44,89.05,8.76,2.19,138,63.04,23.91,86.96,10.87,2.17,46,26.09,34.78,60.87,34.78,4.35,81,58.730679448377124,-8.700679448377123,91,10
Lincoln (Abraham) High,62.09,83,22,97,2118,65.49039476231337,13.762609460562388,89.17177014663787,58.478792282956746,4,Joel Engardio,918,98,46,63,571,115,203,19,4,45.06627393225332,4.810996563573884,2.258222876779578,3.0927835051546393,28.031418753068237,5.645557191948945,9.965635738831615,0.9327442317133039,0.19636720667648502,52955826,0.32,0.32,0.32,0.7,0.18,0.2,,0.12,0.99,1920,2046,45013869,90,704016,1940,330200,HS,37.745942486979686,-122.48119606894068,476,35.68,30.98,66.67,16.03,17.31,461,19.57,20.87,40.43,21.52,38.04,495,11.25,35.38,46.63,43.76,9.61,93,56.141591456504536,5.948408543495468,90,-3
Giannini (A.P.) Middle,49.9,26,63,99,1184,18.756283483931647,46.12934791151096,98.23343433291444,45.46883730307218,4,Joel Engardio,569,37,57,39,138,126,222,5,,47.69488683989941,3.1014249790444257,4.777870913663034,3.269069572506287,11.5674769488684,10.561609388097235,18.608549874266554,0.4191114836546521,,11609806,0.17,0.13,0.49,0.15,0.01,0.0,0.0,0.06,,1178,1199,48244407,50,383154,1954,136392,MS,37.75140344277872,-122.49700241240988,1130,39.91,37.08,76.99,12.74,10.27,1128,39.45,25.18,64.63,19.33,16.05,373,24.46,28.23,52.69,38.71,8.6,79,54.37302190945235,-4.473021909452349,89,10
Cobb (William L.) Elementary,49.82,44,99,34,137,33.18379672112153,98.23355159302956,24.258460108308142,47.214901285895195,5,Dean Preston,8,44,7,2,44,14,17,1,,5.839416058394161,32.11678832116788,5.109489051094891,1.4598540145985401,32.11678832116788,10.218978102189782,12.408759124087592,0.7299270072992701,,3809275,0.16,0.18,0.06,0.22,0.0,0.0,0.0,,,156,192,9682639,17,56718,1925,36346,ES,37.788165219525865,-122.43919286261844,52,17.31,23.08,40.38,21.15,38.46,52,23.08,17.31,40.38,21.15,38.46,16,12.5,25.0,37.5,43.75,18.75,78,51.89193614081974,-2.071936140819737,88,10
Presidio Middle,51.16,52,44,94,996,39.098491384083175,31.936443276979187,80.95868638854662,47.77302810842304,1,Connie Chan,343,28,65,29,151,135,226,1,2,35.0,2.857142857142857,6.63265306122449,2.9591836734693877,15.408163265306122,13.77551020408163,23.06122448979592,0.10204081632653061,0.20408163265306123,25167306,0.25,0.24,0.35,0.1,0.39,0.39,,,0.38,987,1015,19362502,47,144000,1930,140000,MS,37.78084198959016,-122.49009317886367,938,31.73,35.9,67.63,18.16,14.21,932,27.1,24.3,51.4,25.05,23.55,309,17.8,27.83,45.63,45.63,8.74,83,50.664540349869654,0.49545965013034277,87,4
Miraloma Elementary,36.52,17,97,70,349,9.756425263479617,89.17188740675292,51.770579176615314,40.113829277581864,7,Myrna Melgar,45,8,20,9,61,60,146,,1,12.857142857142856,2.2857142857142856,5.714285714285714,2.571428571428571,17.42857142857143,17.142857142857142,41.714285714285715,,0.2857142857142857,7850572,0.19,0.16,0.4,0.52,0.05,0.05,,0.03,,333,408,10620664,19,101600,1952,56100,ES,37.7392728062415,-122.45026719433169,149,39.86,27.7,67.57,22.3,10.14,148,43.24,24.32,67.57,20.27,12.16,49,20.41,24.49,44.9,42.86,12.24,55,50.23296394894928,-13.71296394894928,86,31
Buena Vista/ Horace Mann K-8,54.62,86,43,66,588,69.09735195181423,31.189631586231442,48.49341850896949,54.469438499707344,9,Hillary Ronen,1,4,24,1,516,10,29,,,0.17094017094017094,0.6837606837606838,4.102564102564102,0.17094017094017094,88.2051282051282,1.7094017094017095,4.957264957264957,,,26012862,0.39,0.4,0.19,0.99,0.06,0.0,1.25,0.07,0.95,591,618,46885828,37,111527,1950,111558,ES,37.75370925737502,-122.4197720686568,379,9.26,20.11,29.37,20.11,50.53,389,4.88,12.85,17.74,19.79,62.47,128,3.13,10.16,13.28,54.69,32.03,87,49.59346734900505,5.026532650994945,85,-2
Longfellow Elementary,50.56,55,66,77,461,41.31895315747272,48.493535769084474,58.02160782810625,47.28826247803404,11,Ahsha Safaí,48,7,17,103,243,19,11,6,,10.572687224669604,1.5418502202643172,3.7444933920704844,22.687224669603523,53.524229074889874,4.185022026431718,2.4229074889867843,1.3215859030837005,,2173616,0.07,0.07,0.03,0.24,0.0,0.01,0.0,0.43,,470,509,13609891,26,88909,1958,40500,ES,37.71056829720709,-122.44732972216502,240,8.75,16.67,25.42,16.67,57.92,234,8.12,18.38,26.5,25.21,48.29,80,1.25,12.5,13.75,57.5,28.75,82,49.27803225155448,1.281967748445524,84,2
Mission High,54.86,93,33,59,1032,80.0944728269098,23.45423758989173,43.06617423684894,56.67733937014006,8,Rafael Mandelman,47,132,21,23,746,31,80,1,3,4.3357933579335795,12.177121771217712,1.9372693726937271,2.121771217712177,68.81918819188192,2.859778597785978,7.380073800738007,0.09225092250922509,0.27675276752767525,76652995,0.54,0.55,0.3,1.05,0.66,0.46,0.0,0.48,1.06,1080,1163,27125785,77,234640,1926,238677,HS,37.76140939168266,-122.42729219999887,203,4.98,10.95,15.92,11.44,72.64,202,0.5,3.96,4.46,13.37,82.18,252,2.78,10.71,13.49,50.0,36.51,89,48.87162821788348,5.988371782116516,83,-6
S.F. International High,55.71,77,68,51,380,59.269078532365825,50.111614499126844,37.11325714055954,51.44075717610451,9,Hillary Ronen,41,2,3,3,323,,20,,,10.459183673469388,0.5102040816326531,0.7653061224489796,0.7653061224489796,82.39795918367348,,5.1020408163265305,,,37497687,0.45,0.45,0.43,0.89,0.0,0.13,0.01,0.0,1.08,293,499,0,35,239000,1970,126658,HS,37.76159997569698,-122.40118462319953,107,1.87,12.15,14.02,21.5,64.49,123,0.0,7.32,7.32,13.82,78.86,123,0.0,2.44,2.44,61.79,35.77,90,48.831316724017405,6.8786832759825955,82,-8
Sheridan Elementary,54.8,61,92,33,196,45.834466701285635,76.92712376666833,23.454120329776792,48.0125443747541,11,Ahsha Safaí,25,30,8,16,78,20,11,2,,13.157894736842104,15.789473684210526,4.2105263157894735,8.421052631578947,41.05263157894737,10.526315789473683,5.7894736842105265,1.0526315789473684,,5381015,0.11,0.11,0.03,0.01,,0.0,0.0,,,213,257,18980000,18,70000,1994,54596,ES,37.714337537213225,-122.45911120010862,74,10.81,16.22,27.03,27.03,45.95,74,5.41,17.57,22.97,32.43,44.59,21,4.76,0.0,4.76,42.86,52.38,88,48.738570265910255,6.061429734089742,81,-7
Academy (The)- SF @McAteer,53.99,96,25,57,126,87.25645178360185,16.60176545536016,41.56236429116114,58.16925832843125,7,Myrna Melgar,32,36,6,15,124,18,32,2,,12.075471698113208,13.584905660377359,2.2641509433962264,5.660377358490567,46.79245283018868,6.7924528301886795,12.075471698113208,0.7547169811320755,,,,,,,,,,,,,,,,,,,,37.745563387395805,-122.45118624031188,60,20.0,36.67,56.67,26.67,16.67,57,0.0,19.3,19.3,22.81,57.89,59,5.17,32.76,37.93,51.72,10.34,86,48.47352717670771,5.51647282329229,80,-6
Huerta (Dolores) Elementary,48.75,47,69,76,421,35.40967179864842,50.935588476400746,57.07584909439956,44.70769529202428,11,Ahsha Safaí,6,5,8,3,266,25,68,,,1.574803149606299,1.3123359580052494,2.099737532808399,0.7874015748031495,69.81627296587926,6.561679790026247,17.84776902887139,,,9759629,0.28,0.29,0.23,0.88,,0.15,0.17,0.26,,345,384,3760843,23,125819,1977,60960,ES,37.74063100307882,-122.42558898186712,167,18.56,20.36,38.92,19.16,41.92,178,12.92,20.79,33.71,22.47,43.82,57,7.02,21.05,28.07,38.6,33.33,75,47.807036456482905,0.9429635435170951,79,4
Webster (Daniel) Elementary,48.04,50,67,75,357,37.6234100128965,49.29787554761582,56.150230422032394,45.173731498860306,10,Shamann Walton,22,23,11,9,147,37,106,,1,6.179775280898876,6.460674157303371,3.089887640449438,2.528089887640449,41.29213483146067,10.393258426966293,29.775280898876407,,0.2808988764044944,3446405,0.13,0.13,0.11,0.22,0.17,0.2,1.25,0.1,,341,382,12074323,20,55000,1924,42800,ES,37.76049122743382,-122.39625483561024,154,38.96,24.68,63.64,14.29,22.08,155,35.71,18.18,53.9,22.08,24.03,53,24.53,28.3,52.83,35.85,11.32,74,47.690505327514906,0.34949467248509336,78,4
Visitacion Valley Middle,51.5,87,31,67,343,70.40548487466668,21.816524661106808,49.297758287500834,52.98131317448525,10,Shamann Walton,54,28,6,17,165,15,4,22,,17.363344051446948,9.003215434083602,1.929260450160772,5.466237942122187,53.054662379421224,4.823151125401929,1.2861736334405145,7.07395498392283,,14688697,0.24,0.24,0.12,0.5,,0.23,0.01,0.36,,347,454,22492345,39,383985,1970,112630,MS,37.71724682186198,-122.4118122350452,281,3.91,19.93,23.84,19.57,56.58,330,3.33,5.15,8.48,15.15,76.36,108,2.78,10.19,12.96,45.37,41.67,84,47.17325594109144,4.3267440589085595,77,-7
McCoppin (Frank) Elementary,19.41,1,86,90,260,0.0,67.84999850766881,73.51834937504715,35.34208697067899,1,Connie Chan,71,6,15,8,46,36,58,,2,29.338842975206614,2.479338842975207,6.198347107438017,3.3057851239669422,19.00826446280992,14.87603305785124,23.96694214876033,,0.8264462809917356,2052859,0.11,0.1,0.15,0.21,0.69,0.04,0.0,0.2,,198,243,11614738,17,42000,1970,32799,ES,37.776281439869706,-122.4640163560572,103,30.1,25.24,55.34,21.36,23.3,104,38.46,19.23,57.69,23.08,19.23,31,22.58,25.81,48.39,41.94,9.68,14,47.122782627571986,-27.712782627571986,76,62
Aptos Middle,51.87,73,53,64,916,55.60030605587605,38.589794783001665,46.90986435232135,49.17506781176877,7,Myrna Melgar,353,57,27,36,219,80,85,,,41.1901983663944,6.651108518086348,3.150525087514586,4.200700116686114,25.55425904317386,9.334889148191365,9.918319719953326,,,28452813,0.24,0.24,0.11,0.52,,0.18,,,,855,904,20231647,49,121974,1931,168000,MS,37.73016920293651,-122.46624193303064,826,26.25,32.44,58.69,20.17,21.14,809,30.61,20.07,50.68,20.07,29.24,252,23.41,28.97,52.38,38.1,9.52,85,47.033321730399685,4.836678269600313,75,-10
Ortega (Jose) Elementary,44.27,42,57,86,406,31.686944924046024,41.56248155127611,67.84988124755378,43.19656316173048,7,Myrna Melgar,223,18,10,21,44,39,18,,1,59.62566844919787,4.81283422459893,2.6737967914438503,5.614973262032086,11.76470588235294,10.427807486631016,4.81283422459893,,0.267379679144385,2766474,0.11,0.07,0.35,0.15,0.0,0.09,0.0,,,390,421,11052004,20,220000,1950,42965,ES,37.71617163092907,-122.46629112414767,187,36.9,20.86,57.75,17.65,24.6,187,47.06,22.46,69.52,18.18,12.3,61,24.59,22.95,47.54,42.62,9.84,71,47.03310257429197,-2.7631025742919704,74,3
Hoover (Herbert) Middle,47.8,56,23,95,959,42.06302330467147,14.730388049286294,83.31773344948661,45.54354202702896,7,Myrna Melgar,483,19,38,17,275,46,67,1,2,50.9493670886076,2.0042194092827006,4.008438818565401,1.7932489451476792,29.008438818565402,4.852320675105485,7.067510548523207,0.10548523206751054,0.21097046413502107,23794337,0.3,0.32,0.07,0.79,0.14,,0.01,0.0,,934,965,23419746,44,358229,1956,132400,MS,37.74536119347124,-122.47030783096552,922,20.93,36.12,57.05,23.54,19.41,917,28.38,19.87,48.25,23.58,28.17,301,13.0,26.33,39.33,48.33,12.33,73,46.703714934481454,1.0962850655185434,73,0
Francisco Middle,58.93,99,27,28,502,99.48090503717759,18.399160525775777,19.273716753167257,59.15867183832456,3,Aaron Peskin,266,27,25,9,112,25,44,2,1,52.054794520547944,5.283757338551859,4.892367906066536,1.761252446183953,21.91780821917808,4.892367906066536,8.610567514677104,0.3913894324853229,0.19569471624266144,22515157,0.31,0.32,0.17,0.7,,0.05,0.23,0.23,0.88,548,566,16164724,38,113020,1924,122834,MS,37.80478532894563,-122.41167118412773,480,13.0,27.25,40.25,14.88,44.86,491,13.96,15.61,29.57,21.97,48.46,173,5.26,17.54,22.81,52.05,25.15,91,45.71792743870688,13.21207256129312,72,-19
Lilienthal (Claire) Elementary,40.88,31,87,61,674,23.063878105248286,69.15813143052115,44.58699599702723,39.96822090951124,2,Catherine Stefani,194,47,50,13,78,114,174,,,28.955223880597014,7.014925373134329,7.462686567164178,1.9402985074626864,11.641791044776118,17.01492537313433,25.970149253731346,,,7443225,0.21,0.205,0.32499999999999996,0.44,1.25,0.14,0.0,0.625,0.0,645,657,27650231,37,119230,1920,24919,ES,37.8030908771488,-122.44340251533548,412,57.04,26.7,83.74,10.44,5.83,412,60.44,19.9,80.34,10.92,8.74,129,29.46,33.33,62.79,30.23,6.98,65,45.603001844265556,-4.7230018442655535,71,6
Monroe Elementary,40.53,34,49,91,532,25.505930812564763,35.63873873683304,75.16009618461618,40.45267413664469,11,Ahsha Safaí,203,5,21,5,264,9,15,,,38.88888888888889,0.9578544061302682,4.022988505747127,0.9578544061302682,50.57471264367817,1.7241379310344827,2.8735632183908044,,,688926,0.02,0.02,0.02,0.01,0.0,0.0,0.0,0.0,,507,556,8174569,22,70000,1916,53400,ES,37.72537212555869,-122.43005207799968,261,24.52,20.31,44.83,22.22,32.95,270,23.33,24.44,47.78,20.37,31.85,91,12.09,29.67,41.76,38.46,19.78,64,45.434921911337995,-4.904921911337993,70,6
Sunnyside Elementary,31.5,13,95,63,366,4.84133515112633,83.31785070960163,46.129230651395986,34.782437915812565,7,Myrna Melgar,45,9,13,21,74,46,135,7,,12.857142857142856,2.571428571428571,3.7142857142857144,6.0,21.142857142857142,13.142857142857142,38.57142857142858,2.0,,5735211,0.18,0.17,0.23,0.22,0.2,0.0,0.0,,,337,381,10164366,18,64687,2000,41996,ES,37.73029282037368,-122.44878663237712,160,38.75,25.0,63.75,15.63,20.63,160,28.75,24.38,53.13,25.63,21.25,49,16.33,32.65,48.98,38.78,12.24,41,44.76280550404131,-13.26280550404131,69,28
Lawton Alternative,36.84,21,76,79,602,14.018057029247405,57.07596635451456,59.98129229228584,36.273343176323806,4,Joel Engardio,432,12,49,12,34,31,29,1,1,71.8801996672213,1.9966722129783694,8.153078202995008,1.9966722129783694,5.657237936772046,5.158069883527454,4.825291181364393,0.16638935108153077,0.16638935108153077,9130456,0.18,0.19,0.12,0.33,0.0,0.0,0.0,,,597,605,6766778,29,90000,1936,64940,ES,37.75795803391185,-122.48955741829276,381,47.51,33.6,81.1,12.07,6.82,381,49.34,26.25,75.59,14.44,9.97,126,26.19,34.92,61.11,34.13,4.76,58,43.691771892015936,-6.8517718920159325,68,10
Asawa (Ruth) SF Sch of the Arts A Public School,39.55,51,32,87,680,38.36072784481729,22.640498638380713,69.15801417040615,42.12999212460536,7,Myrna Melgar,94,30,28,22,148,105,250,1,2,13.823529411764707,4.411764705882353,4.117647058823529,3.2352941176470593,21.764705882352942,15.441176470588236,36.76470588235294,0.14705882352941177,0.29411764705882354,22858974,0.18,0.14,0.49,0.04,1.09,0.05,0.0,0.17,,1097,1065,40052770,71,1086169,1974,243882,HS,37.745563387395805,-122.45118624031188,,,,,,,,,,,,,,,,,,,60,43.38641355120138,-3.8364135512013817,67,7
Independence High,43.58,82,7,84,,64.37467490309753,0.0,65.39858629168602,48.53698402447027,4,Joel Engardio,15,30,5,5,63,25,53,,1,7.614213197969544,15.228426395939088,2.5380710659898478,2.5380710659898478,31.979695431472084,12.690355329949238,26.903553299492383,,0.5076142131979695,1948285,0.1,0.09,0.2,0.54,0.05,0.05,0.05,0.0,,137,275,11658653,14,48000,1980,30114,HS,37.76318388527381,-122.46403141372616,8,,,,,,6,,,,,,6,,,,,,69,43.25775373159451,0.3222462684054861,66,-3
Serra (Junipero) Elementary,40.12,39,46,82,280,29.41235332450736,33.42231681218504,63.127204198837504,38.843556915009316,9,Hillary Ronen,19,12,13,5,187,11,10,3,,7.307692307692308,4.615384615384616,5.0,1.9230769230769231,71.92307692307692,4.230769230769231,3.8461538461538463,1.153846153846154,,1515969,0.07,0.06,0.24,0.04,0.0,0.0,0.0,0.0,,267,292,13021908,17,34730,1974,34200,ES,37.736722135295736,-122.42113406433587,138,15.22,20.29,35.51,26.09,38.41,138,14.49,18.12,32.61,28.99,38.41,43,9.3,18.6,27.91,46.51,25.58,62,41.98729144517663,-1.8672914451766331,65,3
Muir (John) Elementary,49.99,64,85,19,266,48.15733505657996,66.59912460736908,10.704566390853046,43.40459027784551,5,Dean Preston,4,46,8,,140,10,17,1,,1.7699115044247788,20.353982300884958,3.5398230088495577,,61.94690265486725,4.424778761061947,7.52212389380531,0.4424778761061947,,10381693,0.26,0.26,0.11,0.68,0.06,0.06,0.05,,0.0,246,295,3560612,30,45912,1932,65750,ES,37.773984647336306,-122.4290639947381,105,18.1,27.62,45.71,28.57,25.71,114,42.98,26.32,69.3,20.18,10.53,36,0.0,8.33,8.33,55.56,36.11,80,41.82034201826736,8.169657981732641,64,-16
Downtown High,46.85,72,45,50,,54.725632568369555,32.680513424177875,36.37593930863881,44.62692946738895,10,Shamann Walton,6,29,4,1,88,10,2,6,1,4.081632653061225,19.727891156462583,2.7210884353741496,0.6802721088435374,59.863945578231295,6.802721088435375,1.3605442176870748,4.081632653061225,0.6802721088435374,5751848,0.15,0.16,0.01,0.38,0.0,0.38,0.0,0.46,,134,225,7358112,18,64500,1956,58760,HS,37.7609687333769,-122.40407572319316,48,0.0,10.64,10.64,17.02,72.34,46,0.0,0.0,0.0,2.17,97.83,14,0.0,7.14,7.14,64.29,28.57,72,41.26069510039541,5.589304899604592,63,-9
Wells (Ida B.) High,41.7,85,5,73,,67.8464780515144,0.0,54.352835351616775,47.51144786366139,5,Dean Preston,21,31,3,1,99,9,13,2,,11.731843575418994,17.318435754189945,1.675977653631285,0.5586592178770949,55.3072625698324,5.027932960893855,7.262569832402235,1.1173184357541899,,7106546,0.26,0.29,0.16,0.63,0.29,0.29,,0.8,,133,220,17129836,17,60671,1911,34300,HS,37.7753684143143,-122.43440086147888,20,0.0,15.79,15.79,36.84,47.37,18,0.0,0.0,0.0,11.11,88.89,28,0.0,3.57,3.57,60.71,35.71,67,40.73310446771039,0.9668955322896124,62,-5
Peabody (George) Elementary,15.6,2,100,30,268,0.0,100.0,20.98129944066231,30.245324860165578,1,Connie Chan,67,3,21,11,27,39,101,1,,24.814814814814813,1.1111111111111112,7.777777777777778,4.074074074074074,10.0,14.444444444444443,37.407407407407405,0.3703703703703704,,1583583,0.11,0.1,0.22,0.25,0.48,0.02,0.0,,,272,275,7761238,13,36000,1970,21805,ES,37.78384623463671,-122.464560963371,128,57.03,23.44,80.47,12.5,7.03,128,50.0,28.13,78.13,14.84,7.03,42,45.24,38.1,83.33,14.29,2.38,9,40.3270998135541,-24.727099813554098,61,52
Lafayette Elementary,23.61,7,96,48,468,0.0,86.00909833945488,34.90085793745227,30.227489069226788,1,Connie Chan,173,7,28,12,62,72,118,2,,36.49789029535865,1.4767932489451476,5.9071729957805905,2.5316455696202533,13.080168776371309,15.18987341772152,24.894514767932492,0.42194092827004215,,7482095,0.19,0.18,0.29,0.1,,0.03,,,,494,531,26530616,26,74400,1927,54283,ES,37.77754826585323,-122.49686447654231,233,51.93,26.61,78.54,14.59,6.87,237,51.05,29.54,80.59,11.81,7.59,83,26.51,42.17,68.67,27.71,3.61,20,40.30331875896905,-16.69331875896905,60,40
Garfield Elementary,32.92,30,50,81,182,22.22877014491864,36.376056568753775,62.04731222642458,35.720227271253904,3,Aaron Peskin,74,18,9,9,33,31,17,,,38.7434554973822,9.424083769633508,4.712041884816754,4.712041884816754,17.277486910994764,16.230366492146597,8.900523560209423,,,1035518,0.04,0.03,0.32,0.18,,0.0,0.0,0.0,,196,242,19482000,17,34422,1970,33800,ES,37.80171345471848,-122.40715906120435,72,31.94,27.78,59.72,19.44,20.83,70,28.57,27.14,55.71,30.0,14.29,28,17.86,32.14,50.0,35.71,14.29,45,40.217379646698994,-7.297379646698992,59,14
McKinley Elementary,30.77,16,89,52,294,8.600763029846764,71.98099955142368,37.85102067982536,31.75838657273564,8,Rafael Mandelman,19,17,14,4,50,31,112,,,7.6923076923076925,6.882591093117409,5.668016194331984,1.6194331983805668,20.242914979757085,12.550607287449392,45.34412955465587,,,6524461,0.27,0.27,0.2,0.45,0.11,0.11,,,0.0,277,299,4902443,20,73600,1976,45160,ES,37.7671955868604,-122.43680738639966,123,43.9,21.95,65.85,15.45,18.7,123,35.77,25.2,60.98,17.07,21.95,36,16.67,33.33,50.0,44.44,5.56,40,39.477594420365264,-8.707594420365265,58,18
Stevenson (Robert Louis) Elementary,24.04,8,90,60,442,0.0,73.51846663516217,43.824192101851324,29.335664684253373,4,Joel Engardio,309,1,25,12,26,28,36,1,,70.54794520547945,0.228310502283105,5.707762557077626,2.73972602739726,5.93607305936073,6.392694063926941,8.21917808219178,0.228310502283105,,6708732,0.18,0.18,0.18,0.3,0.0,0.06,0.06,,,449,445,18995685,23,144000,1956,59740,ES,37.74884955200821,-122.49229212896095,199,49.75,21.61,71.36,14.07,14.57,200,45.0,25.5,70.5,20.0,9.5,66,28.79,40.91,69.7,22.73,7.58,22,39.1142195790045,-15.074219579004499,57,35
Ulloa Elementary,29.41,19,70,72,521,11.95203709510848,51.770696436730304,53.478161864110376,32.28823312276441,4,Joel Engardio,393,4,18,20,32,28,25,1,,75.43186180422265,0.7677543186180422,3.45489443378119,3.8387715930902107,6.142034548944338,5.3742802303262955,4.798464491362764,0.19193857965451055,,11371464,0.31,0.28,0.61,0.44,,,,,1.1,530,528,10834315,25,173200,1956,63730,ES,37.73729056449423,-122.49992579436277,257,47.86,31.91,79.77,12.06,8.17,260,45.0,30.0,75.0,20.77,4.23,86,36.05,36.05,72.09,26.74,1.16,35,39.06696513198305,-9.656965131983053,56,21
King (Thomas Starr) Elementary,41.53,63,42,53,334,47.376701355654525,30.439591479903807,38.5896775228867,40.94566792852489,10,Shamann Walton,98,37,22,6,50,78,37,7,,29.253731343283583,11.044776119402986,6.567164179104477,1.791044776119403,14.925373134328357,23.283582089552237,11.044776119402986,2.0895522388059704,,5086789,0.15,0.16,0.01,0.22,0.0,0.22,0.0,0.0,,318,415,13310350,23,65900,1949,49900,ES,37.75260483906197,-122.39878596811064,148,40.54,25.0,65.54,11.49,22.97,148,44.59,16.89,61.49,15.54,22.97,50,24.0,28.0,52.0,38.0,10.0,66,38.80199011948167,2.7280098805183286,55,-11
Key (Francis Scott) Elementary,12.29,0,84,68,552,0.0,65.39870355180103,50.111497239011854,28.877550197703222,4,Joel Engardio,238,2,21,23,56,60,162,,,42.34875444839858,0.3558718861209964,3.7366548042704624,4.092526690391459,9.9644128113879,10.676156583629894,28.825622775800714,,,9592457,0.24,0.24,0.27,0.71,,0.04,,,,543,582,11051316,29,90000,1935,54321,ES,37.75811097197726,-122.50246841730429,269,45.72,26.77,72.49,14.87,12.64,271,39.11,32.1,71.22,18.82,9.96,94,22.34,34.04,56.38,38.3,5.32,2,38.50340026360429,-26.213400263604292,54,52
Lakeshore Alternative Elementary,29.27,23,59,74,416,15.977741493427171,43.066291496963906,55.24306583760202,32.56621008035506,7,Myrna Melgar,123,59,17,27,82,52,59,1,1,29.216152019002372,14.014251781472684,4.038004750593824,6.413301662707839,19.47743467933492,12.351543942992874,14.014251781472684,0.23752969121140144,0.23752969121140144,8304413,0.25,0.24,0.29,0.47,0.16,0.26,0.0,1.25,,427,426,14594489,30,243936,1955,56101,ES,37.730619776010144,-122.486103341329,185,25.54,16.3,41.85,19.02,39.13,184,18.48,20.11,38.59,21.74,39.67,61,26.67,21.67,48.33,31.67,20.0,34,38.09569960933103,-8.825699609331028,53,19
Harte (Bret) Elementary,48.91,91,40,16,256,76.40756688887726,28.927803775541253,7.353292325591614,47.274057469721846,10,Shamann Walton,2,44,13,2,151,12,2,21,,0.8097165991902834,17.813765182186234,5.263157894736842,0.8097165991902834,61.1336032388664,4.8582995951417,0.8097165991902834,8.502024291497975,,14746267,0.28,0.31,0.04,0.51,,,,0.2,0.0,268,323,5379786,29,204740,1953,72359,ES,37.71858406271639,-122.38887404272948,103,6.8,11.65,18.45,13.59,67.96,110,5.45,9.09,14.55,14.55,70.91,34,2.94,0.0,2.94,47.06,50.0,76,37.5628876633367,11.347112336663294,52,-24
Mission Education Center,33.02,37,28,83,78,27.870118670138474,19.273834013282183,64.24292405805326,34.8142488529031,8,Rafael Mandelman,,1,6,,99,6,12,,,,0.8064516129032258,4.838709677419355,,79.83870967741935,4.838709677419355,9.67741935483871,,,4613392,0.21,0.21,0.04,0.67,,0.28,,,,57,140,6096222,15,41040,1980,23190,ES,37.74256737296776,-122.43108972775826,20,0.0,0.0,0.0,0.0,100.0,59,0.0,0.0,0.0,5.08,94.92,19,0.0,0.0,0.0,15.79,84.21,47,37.12895891382463,-4.10895891382463,51,4
Sutro Elementary,29.87,18,77,58,253,10.872145122695471,58.02172508822126,42.31240439748877,30.519604932775245,1,Connie Chan,178,3,8,4,15,16,24,,,71.7741935483871,1.2096774193548387,3.225806451612903,1.6129032258064515,6.048387096774194,6.451612903225806,9.67741935483871,,,1553768,0.09,0.1,0.07,0.26,0.0,0.07,0.0,0.0,,226,267,5807369,16,42000,1976,32860,ES,37.78385381812768,-122.4710030558374,117,44.44,29.91,74.36,11.97,13.68,118,44.92,28.81,73.73,18.64,7.63,42,21.43,40.48,61.9,35.71,2.38,37,37.06875820280183,-7.19875820280183,50,13
Marshall (Thurgood) High,44.18,95,35,6,482,84.56520415374837,25.05429825389863,0.0,48.54617664034884,10,Shamann Walton,34,37,4,8,373,11,4,2,4,7.127882599580712,7.756813417190776,0.8385744234800839,1.6771488469601679,78.19706498951781,2.3060796645702304,0.8385744234800839,0.41928721174004197,0.8385744234800839,16381953,0.18,0.19,0.01,0.44,0.0,0.0,0.0,,,526,638,59905938,48,269592,1960,150404,HS,37.735720813602995,-122.40188068225063,92,2.2,8.79,10.99,16.48,72.53,88,1.14,1.14,2.27,4.55,93.18,107,0.0,4.85,4.85,45.63,49.51,70,36.53983413588233,7.6401658641176695,49,-21
Guadalupe Elementary,40.43,57,47,42,273,42.80983499541927,34.162318354505885,30.439474219788856,37.55536564128332,11,Ahsha Safaí,26,4,14,18,204,1,7,5,,9.31899641577061,1.4336917562724014,5.017921146953405,6.451612903225806,73.11827956989248,0.35842293906810035,2.5089605734767026,1.7921146953405016,,2857990,0.1,0.11,0.04,0.0,0.0,0.0,0.57,0.0,,333,384,7736656,25,88081,1922,40777,ES,37.710374586372154,-122.434345605958,133,9.02,15.04,24.06,21.05,54.89,133,4.51,18.8,23.31,24.81,51.88,48,2.08,14.58,16.67,50.0,33.33,63,35.80387585657133,4.626124143428669,48,-15
Brown Jr. (Willie L) Middle,33.99,48,29,69,370,36.14832864170983,20.134204014883252,50.935471216285755,35.841583128647166,10,Shamann Walton,9,71,17,11,93,37,62,12,1,2.8753993610223643,22.683706070287542,5.431309904153355,3.5143769968051117,29.712460063897762,11.821086261980831,19.808306709265175,3.8338658146964857,0.3194888178913738,2366103,0.04,0.04,0.0,0.0,,0.0,0.01,0.0,,196,263,57956872,23,225118,2015,88830,MS,37.73587776631251,-122.39987395575514,296,17.01,30.27,47.28,16.67,36.05,288,11.46,11.81,23.26,23.26,53.47,85,14.12,18.82,32.94,52.94,14.12,48,35.739334624292944,-1.749334624292942,47,-1
Milk (Harvey) Civil Rights Elementary,21.5,9,73,71,133,0.0,54.35295261173177,52.61779186250929,26.742686118560265,8,Rafael Mandelman,1,22,7,,32,20,70,2,,0.6493506493506493,14.285714285714285,4.545454545454546,,20.77922077922078,12.987012987012985,45.45454545454545,1.2987012987012987,,489965,0.02,0.0,0.42,0.0,,0.42,0.0,0.0,,187,198,20716327,11,31405,1956,30560,ES,37.759141516310706,-122.43634758218025,89,42.7,28.09,70.79,8.99,20.22,89,30.34,17.98,48.31,20.22,31.46,30,26.67,46.67,73.33,16.67,10.0,17,35.65691482474702,-14.15691482474702,46,29
Lau (Gordon J.) Elementary,36.7,36,54,55,654,27.089484969213036,39.32979632532251,40.07148245321472,33.395062179240824,3,Aaron Peskin,572,3,20,5,35,10,5,,,88.0,0.46153846153846156,3.076923076923077,0.7692307692307693,5.384615384615385,1.5384615384615385,0.7692307692307693,,,9744805,0.17,0.18,0.05,0.25,0.57,0.18,0.0,0.57,,700,734,27015495,31,68870,1914,66113,ES,37.79406565801003,-122.40833061631088,332,31.02,27.41,58.43,20.48,21.08,332,41.57,25.9,67.47,21.69,10.84,107,27.1,23.36,50.47,43.93,5.61,56,35.496921249250086,1.203078750749917,45,-11
Moscone (George R.) Elementary,39.65,54,51,39,333,40.57714976946549,37.1133744006745,28.164882620250392,36.60813913996397,9,Hillary Ronen,96,8,17,,216,6,9,,,27.27272727272727,2.272727272727273,4.829545454545454,,61.36363636363637,1.7045454545454544,2.556818181818182,,,19589551,0.5,0.51,0.22,0.94,2.0,0.55,0.03,1.25,0.89,391,444,1311388,23,67375,1997,74822,ES,37.75621898833373,-122.4123083198656,177,17.51,20.9,38.42,18.08,43.5,179,10.06,23.46,33.52,27.93,38.55,61,6.56,18.03,24.59,55.74,19.67,61,35.28513559679679,4.364864403203207,44,-17
Alvarado Elementary,34.51,32,79,31,536,23.88785208252226,59.98140955240085,21.816407400991874,32.39338027960931,8,Rafael Mandelman,14,5,25,3,250,66,152,2,1,2.7027027027027026,0.9652509652509652,4.826254826254826,0.5791505791505791,48.26254826254826,12.741312741312742,29.343629343629345,0.3861003861003861,0.19305019305019305,17036439,0.43,0.45,0.25,0.55,0.09,0.45,0.0,0.32,1.14,472,518,2851168,33,79247,1924,51700,ES,37.7534995512209,-122.43863804589456,233,35.62,25.75,61.37,18.03,20.6,233,26.61,29.18,55.79,21.89,22.32,67,32.84,28.36,61.19,28.36,10.45,52,35.228556345304995,-0.7185563453049966,43,-9
New Traditions Elementary,23.72,14,81,41,261,6.14946807397877,62.0474294865396,29.685704380428696,26.00801750373146,5,Dean Preston,16,14,21,3,39,33,126,1,1,6.299212598425196,5.511811023622047,8.267716535433072,1.1811023622047243,15.354330708661418,12.992125984251967,49.60629921259843,0.39370078740157477,0.39370078740157477,10110915,0.38,0.39,0.27,0.62,1.25,0.46,,1.25,1.29,233,264,5449693,13,55000,1923,26300,ES,37.77429955155651,-122.4503123329066,124,57.26,25.81,83.06,12.9,4.03,125,43.2,28.8,72.0,18.4,9.6,43,37.21,32.56,69.77,30.23,0.0,21,32.62753398031569,-8.90753398031569,42,21
Sunset Elementary,14.35,3,91,32,404,0.0,75.16021344473121,22.64038137826578,24.45014870574925,4,Joel Engardio,222,3,26,7,26,48,71,,,55.08684863523573,0.7444168734491315,6.451612903225806,1.7369727047146404,6.451612903225806,11.910669975186105,17.617866004962778,,,11206738,0.33,0.28,0.48,0.66,,0.04,0.18,1.15,1.15,401,406,5414329,16,204592,1956,37115,ES,37.750880618669385,-122.49980957731788,191,65.45,21.47,86.91,8.38,4.71,191,63.35,26.18,89.53,8.9,1.57,63,38.1,42.86,80.95,19.05,0.0,6,32.60019827433233,-18.250198274332327,41,35
Carver (George Washington) Elementary,41.76,88,36,8,92,71.77911436669706,25.842131525071213,0.0,42.35009006461633,10,Shamann Walton,,51,3,,23,4,,14,2,,52.57731958762887,3.0927835051546393,,23.711340206185564,4.123711340206185,,14.432989690721648,2.0618556701030926,7613857,0.23,0.31,0.02,0.74,,0.05,0.0,,,107,139,5739152,21,108155,1974,46418,ES,37.73237419571336,-122.38633118182992,45,4.44,8.89,13.33,8.89,77.78,47,0.0,6.38,6.38,14.89,78.72,19,0.0,0.0,0.0,47.37,52.63,68,32.54041529725609,9.219584702743909,40,-28
West Portal Elementary,28.03,22,65,46,590,15.009962904703176,47.69781488360892,33.42219955207008,27.78498506127134,7,Myrna Melgar,346,9,26,8,43,58,100,,,58.644067796610166,1.5254237288135595,4.406779661016949,1.3559322033898304,7.288135593220339,9.830508474576272,16.94915254237288,,,13978910,0.42,0.45,0.33,1.12,0.0,0.23,0.03,0.0,1.14,533,616,5450883,28,122324,1926,44700,ES,37.74354578152372,-122.46467704980518,262,41.98,29.01,70.99,17.56,11.45,262,35.63,30.65,66.28,22.22,11.49,88,16.09,43.68,59.77,37.93,2.3,32,32.04332578012739,-4.0133257801273885,39,7
Revere (Paul) Elementary,34.15,80,2,45,455,62.2471726628668,0.0,32.68039616406292,39.29368537244913,9,Hillary Ronen,7,37,17,18,350,15,10,3,6,1.511879049676026,7.991360691144708,3.6717062634989204,3.8876889848812093,75.5939524838013,3.2397408207343417,2.159827213822894,0.6479481641468683,1.2958963282937366,12790209,0.29500000000000004,0.305,0.22499999999999998,0.6799999999999999,0.14,0.14500000000000002,0.03,0.05,1.03,171,196,7291829,13,49000,1970,38220,ES,37.737104791509694,-122.4131376828454,304,0.99,7.24,8.22,22.37,69.41,301,0.67,2.33,3.0,17.0,80.0,107,0.0,4.67,4.67,54.21,41.12,51,31.64252294230991,2.507477057690089,38,-13
Marina Middle,35.98,65,17,49,666,48.94516832775261,8.509071819339276,35.638621476718086,35.509507487890644,2,Catherine Stefani,383,37,30,18,113,25,48,,,58.56269113149847,5.657492354740061,4.587155963302752,2.7522935779816518,17.2782874617737,3.82262996941896,7.339449541284404,,,32251032,0.3,0.29,0.89,0.21,0.06,0.19,0.6,0.73,0.73,684,739,44021773,47,281180,1930,152900,MS,37.801764282165266,-122.43636236549958,627,14.51,34.77,49.28,24.72,26.0,629,23.89,17.52,41.4,24.52,34.08,209,12.92,31.58,44.5,45.45,10.05,54,31.03095387460332,4.949046125396677,37,-17
Chinese Immersion School at DeAvila,34.1,41,48,36,407,30.933175084685793,34.900975197567234,25.842014264956273,30.652334907973774,5,Dean Preston,287,4,19,2,19,35,16,,,75.13089005235602,1.0471204188481675,4.973821989528796,0.5235602094240838,4.973821989528796,9.162303664921465,4.18848167539267,,,5410638,0.13,0.12,0.19,0.39,0.32,0.06,0.09,0.05,,370,396,10737654,26,53905,1896,58582,ES,37.76944521095362,-122.4443092429118,182,57.14,25.27,82.42,11.54,6.04,182,58.79,30.77,89.56,7.69,2.75,61,54.1,32.79,86.89,9.84,3.28,50,30.558721515736437,3.5412784842635645,36,-14
Jordan (June) School for Equity,35.23,89,26,1,179,73.22835299556945,17.50893003979053,0.0,40.99140900773236,11,Ahsha Safaí,9,18,6,10,147,9,3,4,,4.368932038834951,8.737864077669903,2.912621359223301,4.854368932038835,71.35922330097088,4.368932038834951,1.4563106796116505,1.9417475728155338,,15562670,0.22,0.23,0.13,0.1,,0.58,0.0,,,208,263,12422442,50,572814,1956,151600,HS,37.71990946393328,-122.42552658579234,47,2.22,15.56,17.78,17.78,64.44,49,0.0,0.0,0.0,12.24,87.76,50,0.0,2.04,2.04,67.35,30.61,53,30.24576101178666,4.984238988213338,35,-18
Cleveland Elementary,25.45,38,6,80,303,28.64420269892689,0.0,60.99970195860697,29.57202683911519,11,Ahsha Safaí,7,5,12,11,260,6,1,3,1,2.287581699346405,1.6339869281045754,3.9215686274509802,3.594771241830065,84.9673202614379,1.9607843137254901,0.32679738562091504,0.9803921568627451,0.32679738562091504,6167514,0.33,0.35,0.16,0.58,1.25,0.04,1.25,,0.88,318,396,7732115,18,60000,1910,28927,ES,37.72075961289943,-122.42900756648449,160,1.88,8.13,10.0,13.75,76.25,169,2.37,8.28,10.65,26.63,62.72,51,0.0,7.84,7.84,47.06,45.1,26,29.88130155251128,-4.431301552511282,34,8
Glen Park Elementary,26.56,35,30,54,346,26.30165169804038,20.98141670077724,39.32967906520754,28.228599790516387,8,Rafael Mandelman,9,20,13,6,160,31,81,,1,2.803738317757009,6.230529595015576,4.049844236760125,1.8691588785046727,49.84423676012461,9.657320872274143,25.233644859813083,,0.3115264797507788,8500561,0.25,0.26,0.1,0.72,0.16,0.0,0.0,0.0,,313,341,8724341,20,103792,1936,45200,ES,37.733082895586335,-122.43601353627037,139,17.99,18.71,36.69,19.42,43.88,137,17.65,24.26,41.91,13.97,44.12,48,10.42,16.67,27.08,35.42,37.5,29,28.87091582134172,-2.3109158213417196,33,4
Carmichael (Bessie)/FEC,27.76,90,0,20,563,74.76582007930807,0.0,11.752176658670656,40.3209542043217,6,Matt Dorsey,37,96,42,125,160,41,47,5,4,6.642728904847396,17.235188509874327,7.5403949730700175,22.44165170556553,28.725314183123878,7.360861759425494,8.43806104129264,0.8976660682226212,0.718132854578097,11071392,0.275,0.265,0.54,0.6599999999999999,0.22,0.12,0.0,1.25,0.0,592,676,700000,33,98575,2004,56358,ES,37.775911934571184,-122.4066920106772,328,2.48,12.11,14.6,23.6,61.8,321,1.27,5.73,7.01,20.7,72.29,107,0.95,2.86,3.81,59.05,37.14,31,28.83933224599291,-1.0793322459929087,32,1
Argonne Elementary,11.46,4,75,40,389,0.0,56.15034768214739,28.92768651542631,21.269508549393425,1,Connie Chan,118,12,33,13,43,39,108,2,,32.065217391304344,3.260869565217391,8.967391304347826,3.532608695652174,11.684782608695652,10.597826086956522,29.347826086956523,0.5434782608695652,,9395256,0.325,0.315,0.3,0.69,0.2,0.175,0.0,0.27,0.0,389,398,300000,20,68520,1997,52000,ES,37.77515870891051,-122.47678382407172,170,39.05,21.89,60.95,21.89,17.16,169,31.95,31.36,63.31,23.67,13.02,60,26.67,30.0,56.67,38.33,5.0,1,28.359344732524566,-16.899344732524565,31,30
King Jr. (Martin Luther) Academic Middle,28.87,67,3,47,371,50.54522899175964,0.0,34.16220109439092,33.81316476947755,10,Shamann Walton,111,51,11,24,154,10,4,6,,29.919137466307276,13.746630727762804,2.964959568733154,6.46900269541779,41.509433962264154,2.6954177897574128,1.078167115902965,1.6172506738544474,,9105633,0.23,0.25,0.09,0.72,0.24,0.05,0.01,,,400,457,9637557,29,207200,1980,72210,MS,37.72794364440051,-122.40490655366222,356,6.74,23.88,30.62,26.4,42.98,349,9.2,12.07,21.26,25.29,53.45,109,3.7,12.96,16.67,59.26,24.07,33,28.235810028716855,0.6341899712831456,30,-3
Jefferson Elementary,17.61,11,83,27,509,2.0184670302235332,64.24304131816827,18.39904326566085,21.669754661069046,7,Myrna Melgar,258,4,27,7,41,57,108,,,51.39442231075697,0.796812749003984,5.378486055776892,1.394422310756972,8.167330677290837,11.354581673306772,21.51394422310757,,,13534170,0.36,0.36,0.37,0.64,,0.07,0.0,0.0,1.11,486,509,3138592,22,82500,1960,45344,ES,37.76353826232173,-122.47634790480288,237,34.18,24.89,59.07,24.89,16.03,239,28.87,30.13,59.0,27.62,13.39,78,24.36,20.51,44.87,48.72,6.41,12,28.220183871350883,-10.610183871350884,29,17
Marshall Elementary,38.32,84,20,15,245,66.64605699594624,11.752293918785568,6.152871270023567,37.79931979517541,9,Hillary Ronen,2,5,5,1,208,2,23,,1,0.8097165991902834,2.0242914979757085,2.0242914979757085,0.4048582995951417,84.21052631578947,0.8097165991902834,9.31174089068826,,0.4048582995951417,5246717,0.32,0.28,0.96,0.47,1.0,0.27,0.0,0.0,0.0,233,264,3185229,15,33900,1950,34300,ES,37.766668747507254,-122.41899409200204,131,7.63,6.87,14.5,12.21,73.28,129,8.53,6.2,14.73,13.95,71.32,44,11.36,13.64,25.0,38.64,36.36,59,28.18374072825179,10.136259271748209,28,-31
Malcolm X Academy,30.24,94,12,0,101,82.20615709280821,2.2203522149561437,0.0,41.65816660014314,10,Shamann Walton,,65,4,1,9,19,2,5,,,61.904761904761905,3.8095238095238098,0.9523809523809524,8.571428571428571,18.095238095238095,1.9047619047619049,4.761904761904762,,17301575,0.48,0.52,0.07,0.88,0.0,0.06,,,1.17,107,170,4326236,18,155422,1955,50800,ES,37.73372201757104,-122.38059762636192,48,2.08,10.42,12.5,25.0,62.5,48,4.17,4.17,8.33,16.67,75.0,17,0.0,5.88,5.88,52.94,41.18,39,28.14216976925478,2.097830230745217,27,-12
Sanchez Elementary,32.94,59,37,21,273,44.313644941107206,26.62276522599658,12.77058632499179,32.0051603583007,8,Rafael Mandelman,9,19,7,9,204,7,17,,3,3.272727272727273,6.909090909090909,2.5454545454545454,3.272727272727273,74.18181818181819,2.5454545454545454,6.181818181818182,,1.090909090909091,5418496,0.16,0.15,0.21,0.41,1.09,0.0,0.0,,,282,318,8259888,30,77900,1926,50500,ES,37.76395156696111,-122.4307701153482,120,5.83,16.67,22.5,21.67,55.83,122,2.46,13.93,16.39,19.67,63.93,40,0.0,7.5,7.5,52.5,40.0,46,27.90233216403186,5.037667835968136,26,-20
Redding Elementary,25.47,40,14,65,241,30.175157219683342,4.902114629838728,47.69769762349394,28.23753167317484,3,Aaron Peskin,43,22,7,14,59,21,77,2,1,17.479674796747968,8.94308943089431,2.8455284552845526,5.691056910569105,23.983739837398375,8.536585365853659,31.300813008130078,0.8130081300813009,0.40650406504065045,3702358,0.16,0.16,0.19,0.3,0.64,0.28,0.0,0.27,,244,286,17615860,17,37320,1980,31374,ES,37.78972790944539,-122.41920931918712,102,7.84,21.57,29.41,19.61,50.98,101,8.91,14.85,23.76,32.67,43.56,32,15.63,25.0,40.63,50.0,9.38,27,27.59165649100533,-2.121656491005332,25,-2
Chavez (Cesar) Elementary,29.96,49,39,25,398,36.8860921809757,28.16499988036534,16.601648195245236,29.634708109390495,9,Hillary Ronen,,11,13,,373,7,6,1,,,2.67639902676399,3.1630170316301705,,90.75425790754258,1.70316301703163,1.4598540145985401,0.24330900243309003,,10527428,0.28,0.28,0.13,0.42,0.23,0.23,,,0.0,443,463,6966780,29,69515,1940,53940,ES,37.75521689516904,-122.41535877160952,194,2.58,10.31,12.89,19.59,67.53,200,3.0,13.5,16.5,23.5,60.0,69,0.0,7.25,7.25,63.77,28.99,38,27.217580085528756,2.7424199144712453,24,-14
Feinstein (Dianne) Elementary,8.85,5,55,56,358,0.0,40.07159971332968,40.8155526004134,20.22178807843577,4,Joel Engardio,134,9,19,13,40,41,127,,,34.9869451697128,2.3498694516971277,4.960835509138381,3.3942558746736298,10.443864229765012,10.704960835509137,33.15926892950392,,,8648745,0.26,0.27,0.12,0.81,0.16,0.16,0.06,1.2,0.0,406,421,300000,27,91257,2006,62087,ES,37.73995488947333,-122.48185143654058,164,29.45,23.31,52.76,17.18,30.06,162,34.16,24.84,59.01,18.01,22.98,61,33.33,23.33,56.67,35.0,8.33,0,26.962384104581027,-18.112384104581025,23,23
Rooftop Elementary,25.11,25,62,26,577,17.849118899501192,45.35526388272262,17.508812779675612,24.640578615350154,7,Myrna Melgar,35,63,46,12,148,75,188,,3,6.140350877192982,11.052631578947368,8.070175438596491,2.1052631578947367,25.964912280701753,13.157894736842104,32.98245614035088,,0.5263157894736842,12778087,0.43499999999999994,0.495,0.11499999999999999,0.775,1.25,0.25,0.385,0.71,0.57,549,610,1871018,24,193992,1953,21000,ES,37.757781201556895,-122.44462675733456,380,29.29,29.29,58.58,20.58,20.84,379,28.23,25.86,54.09,21.11,24.8,127,24.41,30.71,55.12,30.71,14.17,24,26.90439852063314,-1.7943985206331412,22,-2
Alamo Elementary,14.13,6,74,35,390,0.0,55.24318309771701,25.054180993783692,20.074341022875174,1,Connie Chan,130,5,27,10,59,48,114,,,33.078880407124686,1.2722646310432568,6.870229007633588,2.5445292620865136,15.012722646310433,12.213740458015266,29.00763358778626,,,14767840,0.34,0.39,0.06,0.81,,0.13,0.0,0.0,1.05,435,413,2862675,27,60000,1926,50420,ES,37.7830336005652,-122.482726605361,194,43.81,24.23,68.04,16.49,15.46,194,43.3,26.8,70.1,18.56,11.34,67,22.39,34.33,56.72,34.33,8.96,5,26.765788030500232,-12.635788030500231,21,16
O'Connell (John) High,36.82,92,11,9,505,78.17447721081453,0.7711135860838567,0.0,39.28001700192823,9,Hillary Ronen,6,48,11,19,353,15,22,4,5,1.2422360248447204,9.937888198757763,2.2774327122153206,3.9337474120082816,73.08488612836439,3.1055900621118013,4.554865424430641,0.8281573498964804,1.0351966873706004,26634269,0.3,0.29,0.63,0.73,0.28,0.18,,0.02,,530,583,2091197,63,155195,2000,130091,HS,37.75962548276749,-122.41468526503768,18,5.56,11.11,16.67,44.44,38.89,24,0.0,4.17,4.17,8.33,87.5,0,,,,,,57,26.31519693229946,10.50480306770054,20,-37
Drew (Charles) College Preparatory Academy,34.05,71,19,22,203,53.8652625667684,10.704683650967958,13.762492200447461,33.04942524623806,10,Shamann Walton,1,101,9,4,59,8,,3,2,0.53475935828877,54.01069518716578,4.81283422459893,2.13903743315508,31.550802139037433,4.27807486631016,,1.6042780748663104,1.06951871657754,429748,0.02,0.02,0.0,0.02,0.07,,0.0,,,186,270,33115545,28,120000,1972,55234,ES,37.731744844556715,-122.39351506232708,63,3.17,14.29,17.46,15.87,66.67,63,0.0,3.17,3.17,14.29,82.54,16,0.0,0.0,0.0,56.25,43.75,49,26.11081280606127,7.939187193938729,19,-30
Lick (James) Middle,29.82,66,9,37,489,49.740889213228236,0.0,26.62264796588164,31.526106598084528,8,Rafael Mandelman,8,39,22,6,335,20,41,4,1,1.680672268907563,8.193277310924369,4.621848739495799,1.2605042016806722,70.37815126050421,4.201680672268908,8.61344537815126,0.8403361344537815,0.21008403361344538,28292788,0.36,0.36,0.34,0.4,0.05,0.26,,0.75,0.7,424,536,19474696,34,127680,1934,116000,MS,37.74908087742125,-122.43171749953262,401,6.5,14.5,21.0,20.25,58.75,399,4.26,6.52,10.78,16.29,72.93,105,2.91,10.68,13.59,52.43,33.98,36,25.454512393036623,4.365487606963377,18,-18
San Francisco Public Montessori,21.61,20,82,10,105,12.999647362926183,63.12732145895251,0.0,22.28165404620122,2,Catherine Stefani,5,16,12,1,30,16,30,2,,4.464285714285714,14.285714285714285,10.714285714285714,0.8928571428571428,26.785714285714285,14.285714285714285,26.785714285714285,1.7857142857142856,,7503078,0.24,0.25,0.0,0.44,,0.03,0.0,0.49,,153,192,8262770,22,38361,1923,64500,ES,37.79264848048922,-122.4336109515773,51,33.33,19.61,52.94,17.65,29.41,49,22.45,22.45,44.9,28.57,26.53,16,18.75,31.25,50.0,31.25,18.75,18,25.375656273959564,-3.7656562739595643,17,-1
San Francisco Community Alternative,18.61,28,34,43,234,20.521187457423444,24.258577368423076,31.18951432611649,24.122616652346615,11,Ahsha Safaí,9,27,21,17,109,23,65,2,1,3.2846715328467155,9.854014598540147,7.664233576642336,6.204379562043796,39.78102189781022,8.394160583941606,23.722627737226276,0.7299270072992701,0.36496350364963503,7210785,0.24,0.25,0.03,0.29,,0.01,,0.48,,280,297,2841356,16,60000,1911,66900,ES,37.72580994194931,-122.43258932382328,176,23.43,24.57,48.0,16.57,35.43,176,14.2,21.02,35.23,24.43,40.34,59,22.03,16.95,38.98,47.46,13.56,13,25.323093050654336,-6.7130930506543365,16,3
Sloat (Commodore) Elementary,25.42,29,72,11,361,21.381557459024595,53.47827912422537,0.7709963259689658,24.25309759206088,7,Myrna Melgar,184,12,15,17,41,32,80,,,48.29396325459317,3.149606299212598,3.937007874015748,4.4619422572178475,10.761154855643044,8.398950131233596,20.99737532808399,,,13967706,0.48,0.48,0.5,0.62,0.0,0.13,,0.67,0.86,371,395,2572968,17,195266,1922,59200,ES,37.73186630942314,-122.4709590558278,189,35.98,27.51,63.49,19.58,16.93,190,33.68,35.26,68.95,18.95,12.11,63,31.75,33.33,65.08,31.75,3.17,25,25.210277636406307,0.2097223635936949,15,-10
Yick Wo Elementary,15.97,12,61,38,217,3.467705659095948,44.5871132571422,27.396731994669985,19.72981414250102,3,Aaron Peskin,64,11,22,3,26,27,46,,,32.1608040201005,5.527638190954774,11.055276381909549,1.507537688442211,13.06532663316583,13.5678391959799,23.115577889447238,,,575331,0.04,0.02,0.22,0.01,,0.04,0.0,0.25,,215,252,4926277,14,30612,1983,26000,ES,37.8018929168731,-122.41629040654824,82,37.8,29.27,67.07,15.85,17.07,82,39.02,30.49,69.51,20.73,9.76,21,28.57,23.81,52.38,42.86,4.76,10,25.15051697030271,-9.18051697030271,14,4
Flynn (Leonard R.) Elementary,31.7,62,21,24,380,46.60261732686611,12.770703585106709,15.676029522878068,30.412991940429247,9,Hillary Ronen,4,44,21,3,214,31,64,2,,1.0443864229765014,11.488250652741515,5.483028720626632,0.7832898172323759,55.87467362924282,8.093994778067886,16.710182767624023,0.5221932114882507,,11239843,0.21,0.21,0.15,1.08,,0.28,0.0,1.25,,426,442,2765380,30,64153,1955,57105,ES,37.74818734943472,-122.41205083467396,175,18.86,15.43,34.29,20.0,45.71,175,12.64,17.24,29.89,25.86,44.25,51,5.88,17.65,23.53,45.1,31.37,43,25.01645014495029,6.6835498550497086,13,-30
Grattan Elementary,14.65,10,71,29,391,0.4809999464849284,52.61790912262429,20.134086754768326,18.42849894259062,5,Dean Preston,29,16,26,3,59,64,187,,,7.552083333333333,4.166666666666666,6.770833333333333,0.78125,15.364583333333334,16.666666666666664,48.69791666666667,,,10093972,0.38,0.4,0.09,0.51,,0.09,1.23,0.0,0.86,403,452,3439934,24,63390,1971,55420,ES,37.76385396774208,-122.45050890493246,182,43.41,29.12,72.53,12.09,15.38,182,39.01,31.32,70.33,17.03,12.64,60,20.0,38.33,58.33,36.67,5.0,7,24.41099860795918,-9.760998607959179,12,5
Denman (James) Middle,32.11,76,10,23,818,58.32331979865906,0.0,14.730270789171374,32.844227596622375,11,Ahsha Safaí,114,36,37,87,393,51,63,8,1,14.430379746835442,4.556962025316456,4.6835443037974684,11.012658227848101,49.74683544303797,6.455696202531645,7.974683544303797,1.0126582278481013,0.12658227848101267,27840365,0.38,0.4,0.04,0.77,,0.21,0.03,,1.18,794,837,19369555,52,195000,1939,152412,MS,37.7218086904258,-122.44285584648104,726,10.24,20.61,30.84,26.0,43.15,716,9.24,13.17,22.41,21.29,56.3,234,3.95,12.72,16.67,55.26,28.07,44,24.35119686261014,7.758803137389858,11,-33
Bryant Elementary,31.53,70,18,17,238,53.01804988087435,9.624791678555042,8.508954559224367,31.042461499882027,9,Hillary Ronen,,13,10,,211,1,4,,1,,5.416666666666667,4.166666666666666,,87.91666666666667,0.4166666666666667,1.6666666666666667,,0.4166666666666667,8878154,0.49,0.5,0.34,0.97,0.0,0.12,0.01,0.0,0.98,270,316,4345167,17,40000,1970,35764,ES,37.75171853149067,-122.40544870287414,113,2.65,9.73,12.39,21.24,66.37,112,1.79,4.46,6.25,29.46,64.29,37,2.7,5.41,8.11,51.35,40.54,42,23.717265372884587,7.8127346271154146,10,-32
Taylor (Edward R.) Elementary,24.47,53,38,5,565,39.83714822714458,27.396849254784932,0.0,26.767786427268526,10,Shamann Walton,311,16,14,15,207,20,2,3,,52.89115646258503,2.7210884353741496,2.380952380952381,2.5510204081632653,35.204081632653065,3.4013605442176873,0.3401360544217687,0.5102040816326531,,8792658,0.24,0.21,0.51,0.7,,0.06,0.01,,,641,689,1196838,33,96000,1929,56113,ES,37.72793512798768,-122.40729799771124,282,25.18,19.86,45.04,15.6,39.36,288,18.12,24.04,42.16,26.48,31.36,86,7.06,15.29,22.35,44.71,32.94,23,22.411332493976506,2.058667506023493,9,-14
Spring Valley Elementary,25.72,46,41,12,233,34.66967025632751,29.685821640543644,2.2202349548412457,25.311349277009977,3,Aaron Peskin,54,7,4,3,128,6,11,,1,25.233644859813083,3.2710280373831773,1.8691588785046727,1.4018691588785046,59.813084112149525,2.803738317757009,5.14018691588785,,0.46728971962616817,6150176,0.26,0.27,,0.56,,,0.0,,,241,289,8676745,22,41250,1910,50400,ES,37.79440095639586,-122.41893504778466,104,16.35,19.23,35.58,18.27,46.15,115,10.43,20.87,31.3,16.52,52.17,34,11.76,11.76,23.53,50.0,26.47,28,22.191908950570795,3.5280910494292037,8,-20
El Dorado Elementary,20.32,45,4,44,128,33.92786686832028,0.0,31.936326016864236,24.948014938376197,10,Shamann Walton,9,21,8,5,56,7,4,13,,7.317073170731707,17.073170731707318,6.504065040650407,4.0650406504065035,45.52845528455284,5.691056910569105,3.2520325203252036,10.569105691056912,,201659,0.01,0.0,0.08,0.0,,0.01,,,,126,184,15596556,17,203492,1980,41378,ES,37.71873580559367,-122.40694669675878,50,0.0,16.0,16.0,18.0,66.0,50,0.0,4.0,4.0,8.0,88.0,17,5.88,5.88,11.76,47.06,41.18,16,21.954730961728167,-1.6347309617281667,7,-9
Tenderloin Community,26.73,74,15,7,284,56.490536541861346,6.152988530138472,0.0,29.78351540346529,6,Matt Dorsey,38,26,13,10,144,14,31,2,,13.66906474820144,9.352517985611511,4.676258992805756,3.597122302158273,51.798561151079134,5.0359712230215825,11.151079136690647,0.7194244604316548,,13364078,0.28,0.29,0.2,0.75,0.26,0.26,0.01,0.01,0.01,300,359,300000,24,32000,1998,81207,ES,37.782055182511215,-122.41942803923894,126,10.32,13.49,23.81,13.49,62.7,128,7.03,10.94,17.97,19.53,62.5,44,2.27,9.09,11.36,43.18,45.45,30,20.881175023999937,5.8488249760000635,6,-24
Everett Middle,15.2,79,1,4,404,61.22876299654559,0.0,0.0,30.614381498272795,8,Rafael Mandelman,7,26,16,5,358,18,35,,2,1.4989293361884368,5.567451820128479,3.4261241970021414,1.070663811563169,76.65952890792292,3.854389721627409,7.494646680942184,,0.4282655246252677,50951547,0.53,0.54,0.23,0.74,0.93,0.36,0.0,1.23,1.04,598,637,12809961,38,178298,1928,155370,MS,37.76402732960156,-122.42869174710164,409,3.93,11.79,15.72,17.69,66.58,481,3.33,6.04,9.38,15.0,75.63,182,1.65,4.4,6.04,53.85,40.11,8,20.409587665515197,-5.209587665515198,5,-3
Sherman Elementary,13.85,15,64,14,293,7.400341974278611,46.90998161243634,4.9019973697238335,16.653165732679348,2,Catherine Stefani,39,26,27,9,53,25,100,2,1,13.829787234042554,9.219858156028367,9.574468085106384,3.1914893617021276,18.79432624113475,8.865248226950355,35.46099290780142,0.7092198581560284,0.3546099290780142,11291026,0.3,0.35,0.03,0.74,,0.06,,,0.0,285,322,1171140,26,75625,1928,56200,ES,37.79818152404522,-122.4264524275307,102,31.37,19.61,50.98,21.57,27.45,108,25.0,22.22,47.22,30.56,22.22,38,18.42,23.68,42.11,50.0,7.89,3,19.73744031881293,-5.88744031881293,4,1
Parker (Jean) Elementary,13.88,24,56,3,123,16.923500227133935,40.81566986052837,0.0,18.665667578699058,3,Aaron Peskin,80,12,4,1,14,7,6,,1,64.0,9.6,3.2,0.8,11.200000000000001,5.6000000000000005,4.8,,0.8,5957958,0.26,0.27,,0.72,0.42,0.42,0.01,0.0,0.0,168,231,300000,16,26888,1996,46000,ES,37.797387892277584,-122.4112944976476,53,28.3,30.19,58.49,15.09,26.42,54,29.63,27.78,57.41,20.37,22.22,17,5.88,41.18,47.06,29.41,23.53,4,19.246390029220766,-5.366390029220765,3,-1
Parks (Rosa) Elementary,19.84,68,13,2,328,51.35896794327074,3.593981706986412,0.0,26.577979398381974,5,Dean Preston,51,67,20,11,90,68,33,4,,14.825581395348838,19.476744186046513,5.813953488372093,3.1976744186046515,26.16279069767442,19.767441860465116,9.593023255813954,1.1627906976744187,,20315195,0.49,0.5,0.23,0.77,0.16,0.44,,1.25,1.0,380,460,4158677,30,133884,1924,66900,ES,37.78353180853321,-122.43029657384652,162,14.81,16.67,31.48,21.6,46.91,165,8.48,17.58,26.06,18.79,55.15,55,7.27,14.55,21.82,43.64,34.55,15,18.31764988341905,1.5223501165809488,2,-13
Visitacion Valley Elementary,23.23,58,16,13,237,43.559875101746975,7.353409585706519,3.593864446871507,24.516756059017993,10,Shamann Walton,112,23,6,10,73,14,6,19,,42.585551330798474,8.745247148288973,2.2813688212927756,3.802281368821293,27.756653992395435,5.323193916349809,2.2813688212927756,7.224334600760455,,3311584,0.08,0.11,0.0,0.0,,0.01,0.0,0.0,,297,343,11880310,22,84552,1937,51400,ES,37.71268830032591,-122.4103498473894,118,17.95,19.66,37.61,19.66,42.74,117,11.11,18.8,29.91,24.79,45.3,46,8.7,17.39,26.09,43.48,30.43,19,18.169049711441666,5.060950288558335,1,-18
Hillcrest Elementary,16.0,43,8,18,319,32.43698503037372,0.0,9.624674418440133,18.624661119796894,10,Shamann Walton,42,32,10,19,211,8,2,4,,12.804878048780488,9.75609756097561,3.048780487804878,5.7926829268292686,64.32926829268293,2.4390243902439024,0.6097560975609756,1.2195121951219512,,7134902,0.2,0.21,0.16,0.14,,,,0.19,,372,361,38101517,27,106154,1956,55213,ES,37.72895333743526,-122.41822113003316,147,4.08,8.84,12.93,19.73,67.35,149,2.68,6.04,8.72,26.85,64.43,49,4.08,8.16,12.24,55.1,32.65,11,14.020553149604618,1.979446850395382,0,-11
